,상품명,주종,도수,용량,원재료,가격수정,ml당_가격
0,레돔 내추럴 스파클링 로제와인,과실주,7.5,750,포도,38000,50.67
1,서울의 밤,리큐르,25,375,"매실증류주원액,벌꿀,포도당,노간주나무열매,정제수",7500,20.0
2,제주 고소리술,증류식소주,40,400,"잡곡,누룩,정제수",45000,112.5
3,오메기 술,약주,13,375,"쌀,차조,입국,누룩,효모,효소,청호,조릿대,감초,정제수",13000,34.67
4,티나,리큐르,16,750,"딸기추출물,죽력,정제수,주정,액상과당",54000,72.0
5,붉은 원숭이,살균탁주,10.8,375,쌀,7000,18.67
6,인천 생 소성주,탁주,6,750,"쌀,팽화미,정제수,국,효모,아스파탐,효소,이소말토올리고당",1200,1.6
7,송명섭 막걸리,탁주,6,900,"국내산쌀,곡자,정제수",3000,3.33
8,이강주 375ml,리큐르,19,375,"쌀,소맥분,정맥,배,생강,계피,울금,꿀",4500,12.0
9,1000억 유산균막걸리,탁주,5,750,쌀,3200,4.27
10,청송 주왕 사과막걸리,탁주,6,750,쌀,1500,2.0
11,고소리 술,증류식소주,40,700,"쌀,차조,입국,누룩,효모,효소,정제수,스테비올배당체",45000,64.29
12,니모메,약주,11,375,쌀,36000,96.0
13,김포예주 프리미엄,살균약주,13,750,"국내산쌀,국,효모,젖산,정제수",15000,20.0
14,죽력고,일반증류주,32,700,"국내산쌀,죽력,누룩,정제수",60000,85.71
15,매실원주 15도_300ml,리큐르,15,300,"매실주원액,발효주정,정제수,꿀",6000,20.0
16,오매락퍽_500ml,리큐르,40,500,"구운매실,배증류원액",52000,104.0
17,조선주조사,청주,14,300,쌀,9000,30.0
18,고운달 오크,일반증류주,52,500,오미자,360000,720.0
19,느린마을 막걸리,탁주,6,750,"쌀,국,효모,정제수",2300,3.07
20,담은,살균탁주,6,750,쌀,15000,20.0
21,녹고의눈물_700ml,기타주류,16,500,섬오가피,23000,46.0
22,황진이_375ml,살균약주,12,375,"쌀,오미자,산수유",3500,9.33
23,문경바람 오크,일반증류주,40,750,사과,44000,58.67
24,오메기 맑은술,약주,16,500,"좁쌀,햅쌀,정제수,누룩",25000,50.0
25,톡 쏘는 알밤동동,기타주류,6,350,"쌀,정제수,입국,밤농축액,밤추출물등",1300,3.71
26,이화주,탁주,8,100,쌀,6500,65.0
27,고소리 술,증류식소주,40,375,"쌀,차조,입국,누룩,효모,효소,정제수,스테비올배당체",25000,66.67
28,대통대잎술 십오야,약주,15,700,"쌀,누룩,갈근,구기자,솔잎,진피등",16000,22.86
29,안동소주 일품 21도_350ml,증류식소주,21,350,"국내산쌀,입국",13500,38.57
30,맑은내일 Winery 단감명작,과실주,7,750,단감,20000,26.67
31,월매 쌀막걸리,살균탁주,6,350,"백미,말토올리고당,정제수",1200,3.43
32,한산소곡주,살균약주,18,360,"찹쌀,누룩,백미,정제수,야국,메주콩,생강,홍고추",6500,18.06
33,원매 프리미엄_700ml,리큐르,20,700,"매실주원액,발효주정,정제수,꿀",45000,64.29
34,1000억 막걸리 프리바이오,탁주,5,750,쌀,3500,4.67
35,은자골 생 탁배기,탁주,5,750,"백미,소맥분,정제수,전분당,국,누룩,효소,아스파탐등",1500,2.0
36,담솔 40%,리큐르,40,500,"정제수,국내산쌀,국내산송순농축액",22000,44.0
37,강쇠_370ml,살균약주,13,370,"쌀,누룩,오가피",2500,6.76
38,풍정사계 춘_500ml,약주,15,500,"국내산찹살,향온곡",30000,60.0
39,타미앙스,일반증류주,40,500,"쌀,정제수,누룩,오미자,구기자,상심자,갈근",50000,100.0
40,이화백주,탁주,6,940,"국내산햅쌀,전통누룩,정제수",12000,12.77
41,나루 생막걸리 6%,탁주,6,935,쌀,7000,7.49
42,복순도가 손 막걸리,탁주,6.5,935,쌀,12000,12.83
43,천매_600ml,리큐르,30,600,"매실주원액,발효주정,정제수,꿀",130000,216.67
44,뱅꼬레로제_375ml,과실주,11.5,375,양조용포도,23000,61.33
45,맑은내일 발효막걸리,탁주,7,750,쌀,6500,8.67
46,장수 생 막걸리_750ml,탁주,6,750,백미,1200,1.6
47,명작복분자_375ml,과실주,13,375,"복분자,효모,주정,정제수,과당,구연산",78000,208.0
48,녹파주,약주,15,375,"국내산찹쌀,멥쌀,누룩,정제수",35000,93.33
49,안동소주 일품 40도 골드_500ml,증류식소주,40,500,"국내산쌀,입국",18000,36.0
50,복분자음_375ml,과실주,12,375,복분자,6000,16.0
51,추사백25,일반증류주,25,350,증류원액,12000,34.29
52,밤꽃향기,약주,13.5,375,"국내산쌀,밤,누룩,정제수",4000,10.67
53,고운달 백자,일반증류주,52,500,오미자,360000,720.0
54,옛날 막걸리 古,탁주,7.8,750,"배정제수,쌀",2700,3.6
55,선운산 복분자주,과실주,16,375,복분자,25000,66.67
56,원매_750ml,리큐르,15,750,"매실원주액,매실청,꿀,카라멜,효소처리스테비아,정제수",35000,46.67
57,한산소곡주,살균약주,18,700,"찹쌀,누룩,백미,정제수,야국,메주콩,생강,홍고추",15000,21.43
58,명품 진도홍주_375ml,일반증류주,38,375,"쌀,보리,누룩,지초,정제수",20000,53.33
59,청명주 500,약주,17,500,"국내산찹쌀,누룩,소맥분",23000,46.0
60,The 찾을수록 시리즈,과실주,14,360,"사과와인,정제수,정제주정외제품별농축액",9000,25.0
61,이강주 특7호,리큐르,25,400,"쌀,소맥분,정맥,배,생강,계피,울금,꿀",50000,125.0
62,황금보리소주17,증류식소주,17,375,"보리,누룩,정제수",25000,66.67
63,천비향 오양주 약주,약주,16,500,"국내산쌀,누룩",40000,80.0
64,병영소주,증류식소주,40,700,"정제수,보리증류식소주원액",59400,84.86
65,도깨비술 7%,탁주,7,750,멥쌀,8000,10.67
66,그랑꼬또 로제와인,과실주,12,750,포도,21000,28.0
67,송이주,살균약주,13,375,"국내산쌀,송이농충액,누룩,정제수",12000,32.0
68,구름을 벗삼아,탁주,6,750,"정제수,찹쌀·백미",1500,2.0
69,대대포 생막걸리,탁주,6,750,백미,3500,4.67
70,장홍삼 장수 막걸리_750ml,살균탁주,6,750,"백미,말토올리고당,홍삼분말",2000,2.67
71,동학 1957,청주,13,375,쌀,7200,19.2
72,지란지교 탁주,탁주,13,500,탁주찹쌀,30000,60.0
73,금정산성 막걸리_750ml,탁주,8,750,"백미,밀누룩,정제수,아스파탐",19000,25.33
74,문경바람 백자 40%,일반증류주,40,750,사과,40000,53.33
75,세우리,일반증류주,45,700,"산양삼,하수오,구기자,쌀",250000,357.14
76,내장산 복분자주 지통1호,과실주,16,700,"복분자,주정,정제수,설탕등",18000,25.71
77,문경바람 백자 25%,일반증류주,25,750,사과,30000,40.0
78,황금보리소주25,증류식소주,25,375,"보리,누룩,정제수",42500,113.33
79,부자 10,살균탁주,10,375,"쌀,정제수,고과당,효모등",5000,13.33
80,산막 생유 막걸리_750ml,탁주,6,750,"국내산쌀,소맥분,종국,효모",1200,1.6
81,화주,일반증류주,25,375,"국내산쌀,홍삼농축액,정제수",13000,34.67
82,회곡 생 막걸리,탁주,6,750,"쌀,입국,누룩,아스파탐,효모,정제수,아세설팜칼륨",1300,1.73
83,크라테 레드와인 드라이,과실주,11.5,750,산머루,48000,64.0
84,삼양춘 청주,청주,15,500,"강화섬쌀,정제수,백국,황국,전통누룩,토종효모",16800,33.6
85,지평 생 옛막걸리,탁주,5,1700,"밀,정제수,국,분말종국,효모,정제효소등",2500,1.47
86,양촌 생 막걸리,탁주,6,750,"팽화미,소맥분,정제수,물엿,효소,국등",30000,40.0
87,삼양춘 생탁주,탁주,12.5,500,"강화섬쌀,전통누룩,정제수",12000,24.0
88,동정춘,탁주,8,500,"쌀,누국,정제수",18000,36.0
89,해미읍성 딸기와인,과실주,12,500,해미딸기,20000,40.0
90,도깨비술 11%,탁주,11,750,멥쌀,12000,16.0
91,해창 생 막걸리 12도,탁주,12,900,"햅쌀,찹쌀,물,누룩",10000,11.11
92,줄포 생 막걸리_750ml,탁주,6,750,쌀,1200,1.6
93,려(驪)증류소주 25도,증류식소주,25,375,고구마,30000,80.0
94,매실 막걸리_750ml,살균탁주,7,750,"쌀,매실과즙",3500,4.67
95,선호 생막걸리,탁주,6,750,"국내산쌀,누룩,효모,정제효소,천연감미료,정제수",1700,2.27
96,오미자 생막걸리,살균탁주,6.5,750,"정제수,백미",2500,3.33
97,희양산막걸리 9%,탁주,9,750,쌀,8000,10.67
98,동몽,약주,17,500,"홍천쌀,정제수,단호박,국",30000,60.0
99,무주 구천동 머루와인_750ml,과실주,12,750,국내산산머루,25000,33.33
100,김포약주 PET,살균약주,11,750,"옥수수전분,밀,국,효모,젖산,효소제,정제수",9000,12.0
101,뱅꼬레레드_375ml,과실주,12,375,양조용포도,25000,66.67
102,예천주복 만월24,일반증류주,24,350,복분자,12800,36.57
103,겨울소주 25,증류식소주,25,360,증류원액,10000,27.78
104,창원 생탁주,탁주,6,750,쌀,1000,1.33
105,자희향,탁주,12,500,찹쌀,16000,32.0
106,진도홍주 루비콘_375ml,리큐르,40,375,"쌀,누룩,지초,정제수",10000,26.67
107,소백산 생 막걸리,탁주,6,1700,"쌀,정제수,소맥분,입국,효모등",1980,1.16
108,안동소주 일품 17도_350ml,증류식소주,17,350,"국내산쌀,입국",12000,34.29
109,문배술헤리티지25_375ml,증류식소주,25,375,"메조,찰수수,쌀",55000,146.67
110,안동소주 양반탈_800ml,증류식소주,45,800,쌀,35000,43.75
111,백운 복분자 와인_300ml,기타주류,11,360,"쌀,토종복분자과즙",7000,19.44
112,삼양춘 생약주,약주,15,500,"강화섬쌀,전통누룩,정제수",20000,40.0
113,송화백일주,리큐르,38,500,"쌀,찹쌀,누룩,산수유,오미자,구기자,솔잎,송화가루,꿀",45000,90.0
114,나루 생막걸리 11.5%,탁주,11.5,500,쌀,11000,22.0
115,장수 오미자주,과실주,16.5,360,오미자,5400,15.0
116,해창 생 막걸리 6도,탁주,6,900,"햅쌀,찹쌀,물,누룩",3000,3.33
117,풍정사계 추_500ml,탁주,12,500,"국내산찹살,향온곡",15000,30.0
118,부안 참뽕 막걸리_950ml,살균탁주,6,950,쌀,2000,2.11
119,문희 '햇찹쌀 수제 전통주',살균탁주,13,700,유기농찹쌀,18000,25.71
120,김포특주,약주,15,375,"국내산쌀,효모,정제효소,정제수,프락토올리고당",3000,8.0
121,능이주,살균약주,13,375,"국내산쌀,능이농충액,누룩,정제수",12000,32.0
122,두레앙 22,일반증류주,22,375,거봉포도원액,5000,13.33
123,세종대왕어주 탁주,탁주,13,500,쌀,16900,33.8
124,세종대왕어주 약주,약주,15,500,쌀,25900,51.8
125,안양 동동주,탁주,6,800,쌀,1100,1.38
126,52C,일반증류주,17.50,500,"정제수,주정,쌀증류식소주원액,오이",10000,20.0
127,술취한 원숭이,살균탁주,10.8,375,쌀,7000,18.67
128,지평 생 쌀막걸리,탁주,5,1700,쌀,2700,1.59
129,추사40,일반증류주,40,500,사과,60000,120.0
130,그랑꼬또 청수_750ml,과실주,12,750,포도,60000,80.0
131,풍정사계 동_375ml,증류식소주,42,375,"국내산찹살,향온곡",25000,66.67
132,추사 애플와인_375ml,과실주,12,375,사과,20000,53.33
133,지장수 생막걸리,탁주,6,750,정제수,1300,1.73
134,천지주가 생 막걸리,살균탁주,6,750,"쌀,정제수,국,효모등",1400,1.87
135,김포 막걸리,탁주,6,750,"쌀,누룩,정제수",1200,1.6
136,이상헌 탁주,탁주,19,500,"아산쌀,국",25000,50.0
137,하향주,약주,17,750,"국내산찹쌀,누룩,정제수",45000,60.0
138,진맥소주 40%,증류식소주,40,200,유기농우리밀,49000,245.0
139,소나무와 학_750ml,일반증류주,43,750,쌀,39000,52.0
140,감홍로 백자_700ml,일반증류주,40,700,쌀,75000,107.14
141,문배술 헤리티지 23도_375ml,증류식소주,23,375,"메조,찰수수,쌀",50000,133.33
142,풍정사계 하_500ml,약주,18,500,"국내산찹살,향온곡",35000,70.0
143,문배술 헤리티지 40도_200ml,증류식소주,40,200,"메조,찰수수,쌀",48000,240.0
144,백련 생막걸리 Misty,탁주,7,750,"백미,정제수,물엿,과당,누룩,백련잎,누룩등",3000,4.0
145,두레앙 브랜디_750ml,브랜디,35,750,거봉포도원액,70000,93.33
146,강소주,일반증류주,50,200,"국내산쌀,정제수",11000,55.0
147,아황주,약주,17,500,"찹쌀,멥쌀,누룩,정제수",23000,46.0
148,청명주 750,약주,17,750,"국내산찹쌀,누룩,소맥분",36000,48.0
149,여포의 꿈 (레드 드라이),과실주,12,750,국내산포도,20000,26.67
150,죽향 생막걸리,탁주,6,750,쌀,2000,2.67
151,희양산막걸리 15%,탁주,15,500,쌀,9500,19.0
152,맑은내일 우포,살균약주,12,325,쌀,7000,21.54
153,안동소주 22도_360ml,증류식소주,22,360,쌀,27000,75.0
154,양촌 우렁이쌀 손 막걸리,탁주,7.5,750,"쌀,정제수효모,정제효소,효소처리스테비아",39000,52.0
155,오디랑,과실주,13,330,오디,4000,12.12
156,민속주 안동소주_600ml,증류식소주,45,600,쌀,28000,46.67
157,지장수 호박 막걸리,살균탁주,6,550,정제수,5000,9.09
158,머루 이야기_375ml,과실주,12,375,국내산산머루,6000,16.0
159,영일만친구 막걸리,탁주,6,750,"국내산쌀,물엿,우뭇가사리,효모,조제종국,정제효소제,아스파탐,젖산",15000,20.0
160,원조소곡화주_300ml,일반증류주,41,300,"찹쌀,멥쌀,누룩",14000,46.67
161,지란지교 무화과 탁주,탁주,12,500,"찹쌀,멥쌀",30000,60.0
162,신선주_750ml,살균약주,16,750,"쌀,능금,신선초,천궁,구기자,당귀솔잎,대추,인삼",19000,25.33
163,한주,증류식소주,35,360,"국내산쌀,밀누룩,정제수",12000,33.33
164,민속주안동소주_400ml,증류식소주,45,400,쌀,28000,70.0
165,미인약주,약주,15,500,"찹쌀,누룩,정제수",25000,50.0
166,모월 인,증류식소주,41,500,쌀,40000,80.0
167,편백숲 산소막걸리 딸기스파클링,탁주,6.8,940,"멥쌀,찹쌀,누룩,딸기,올리고당",41000,43.62
168,설련주,약주,16,750,"백련,찹쌀,멥쌀,누룩",35000,46.67
169,백년향,탁주,10,500,"국내산쌀,누룩,정제수",33000,66.0
170,운암1945,약주,12,750,쌀,28000,37.33
171,추성주,일반증류주,25,700,"쌀,정제수,누룩,오미자,구기자,상심자,갈근",80000,114.29
172,한산소곡주_생주,약주,16,750,"찹쌀,누룩,백미,정제수",12000,16.0
173,까메오 막걸리,살균탁주,6,550,정제수,5000,9.09
174,천년전주 생 막걸리,살균탁주,6,750,"정제수,쌀,소맥분,수쿠랄로스,효모,젖산,정제효소",1300,1.73
175,불소곡주_700ml,리큐르,43,700,"찹쌀,누룩,백미,정제수,야국,메주콩,생강,홍고추",30000,42.86
176,려(驪)고구마증류소주 40도,증류식소주,40,500,고구마,35000,70.0
177,우도 땅콩 전통주,기타주류,6,750,"정제수,전분당,백미,국,땅콩분,효모,젖산등",4000,5.33
178,펀치 쌀 바나나_750ml,기타주류,4,750,쌀,2000,2.67
179,두레앙 와인_750ml,과실주,12,750,거봉포도원액,15000,20.0
180,산막대덕주_600ml,약주,13,600,"국내산쌀,우리밀누룩",20000,33.33
181,배도가 로아 40도 옐로우_350ml,일반증류주,40,350,쌀,20000,57.14
182,면천두견주 700ml,약주,18,700,"국내산찹쌀,누룩,진달래꽃",30000,42.86
183,바나나 주,기타주류,4,750,"쌀,국,정제수,바나나농축액,조제종국,효모,물엿등",1700,2.27
184,지리산정담생쌀 막걸리_750ml,탁주,6,750,쌀,1500,2.0
185,천비향 화주,증류식소주,40,375,"국내산쌀,누룩",50000,133.33
186,석로주,약주,13,720,"국내산쌀,석이버섯,누룩,효모,정제수",34000,47.22
187,황금보리소주40,증류식소주,40,375,"보리,누룩,정제수",78500,209.33
188,술아 국화주,약주,15,375,"국내산찹쌀,누룩,건조국화꽃,증류주,정제수",36000,96.0
189,복숭아와인,과실주,12,500,복숭아,20000,40.0
190,고창복분자주300,과실주,13,300,"복분자과실,주정,효모,구연산,정제수",50000,166.67
191,술공방 9.0 생막걸리,탁주,9,500,쌀,5000,10.0
192,정고집 나주쌀 생막걸리,탁주,6,750,"쌀,쌀가루",12000,16.0
193,석탄주 약주,약주,15,500,"국내산찹쌀,누룩,정제수",7000,14.0
194,그랑꼬또 레드와인,과실주,12,750,포도,35000,46.67
195,행운 막걸리,탁주,6,750,쌀,1100,1.47
196,볼빨간막걸리 10,탁주,10,500,찹쌀,7000,14.0
197,시나브로 화이트와인,과실주,11,500,청포도,30000,60.0
198,진맥소주 53%,증류식소주,53,200,유기농우리밀,88000,440.0
199,이도 32,일반증류주,32,750,"물,증류원액",37000,49.33
200,여포의 꿈(화이트),과실주,12,375,국내산포도,20000,53.33
201,로얄 안동소주 18년_600ml,증류식소주,45,600,"국내산쌀,입국",72000,120.0
202,백련 맑은술,약주,12,375,"백미,정제수,물엿,과당,누룩,백련잎,누룩등",7000,18.67
203,만강에 비친 달,탁주,10,500,"홍천쌀,정제수,단호박,곡자",12000,24.0
204,김천 과하주 23도_700ml,기타주류,23,700,"멥쌀,누룩,샘물,황국잎",22000,31.43
205,감사,약주,14,375,쌀,15000,40.0
206,동강더덕주_360ml,리큐르,20,360,"더덕,대추구기자,감초,원지",3500,9.72
207,호모루덴스,탁주,12,500,"쌀,누룩,정제수",12000,24.0
208,천비향 오양주 탁주,탁주,14,500,"국내산쌀,누룩",18000,36.0
209,술예쁘다 생탁주,탁주,13,500,"국내산쌀,누룩",18000,36.0
210,해파랑,약주,13,375,쌀,10000,26.67
211,사과와인,과실주,12,500,사과,20000,40.0
212,예천주복 만월40,일반증류주,40,350,복분자,19200,54.86
213,순향주,약주,15,375,"국내산쌀,누룩,정제수",56000,149.33
214,애석,약주,15,500,"국내산쌀,누룩,정제수",30000,60.0
215,진맥소주 22%,증류식소주,22,375,유기농우리밀,22000,58.67
216,도깨비술 9%,탁주,9,750,멥쌀,10000,13.33
217,느낌 30,증류식소주,30,360,백미,6500,18.06
218,심플리 애플,기타주류,12,350,쌀,9000,25.71
219,유기농 이도 42,증류식소주,42,750,유기농쌀,42000,56.0
220,메로니아,기타주류,4,750,"쌀,국,효모,젖산,멜론향,물엿등",2000,2.67
221,지장수 호박 생 막걸리,탁주,6,750,정제수,1400,1.87
222,맑은 문희주,약주,13,750,유기농찹쌀,36000,48.0
223,미르40,증류식소주,40,375,쌀,23000,61.33
224,부안 참뽕 와인_750ml,과실주,13,750,오디,18000,24.0
225,천안 연미주_360ml,살균약주,13,360,백미,5000,13.89
226,그랑티 그르 S1974_375ml,과실주,12,750,포도,40000,53.33
227,감아락 25도_500ml,일반증류주,25,500,"감증류원액,쌀",26000,52.0
228,컨츄리캠벨 (스위트),과실주,12,750,국산포도원액,15000,20.0
229,소백산 청 동동주,약주,10,1700,"쌀,소맥분,누룩,주정,고과당,대추등",3000,1.76
230,수삼단본 43도_720ml,일반증류주,43,720,"쌀,인삼,누룩,정제수등",42000,58.33
231,고창복분자주1800,과실주,15,1800,"복분자과실,주정,효모,구연산,정제수",27000,15.0
232,향수 우리밀 막걸리,탁주,9,700,"우리밀,누룩,정제수,무감미료",7900,11.29
233,계룡산 산삼주 금수강산 21%,일반증류주,21,740,"산양산삼,정제주,주정",110000,148.65
234,김포약주 유리병,살균약주,11,750,"옥수수전분,밀,국,효모,젖산,효소제,정제수",10000,13.33
235,황칠주,기타주류,16,365,황칠나무잎,9900,27.12
236,젤코바 캠벨와인,과실주,13.5,750,"유기농캠벨포도,유기농설탕",62500,83.33
237,성포 생막걸리,탁주,6,750,쌀,1100,1.47
238,오매백주,탁주,12,500,쌀,5000,10.0
239,지란지교 약주,약주,17,375,찹쌀·멥쌀,20000,53.33
240,G12 골디락스,탁주,12,500,"정제수,멥쌀",12000,24.0
241,이강주 2호,리큐르,25,750,"쌀,소맥분,정맥,배,생강,계피,울금,꿀",28000,37.33
242,가평 잣 막걸리,탁주,6,750,"쌀,정제수,쌀입국,잣,효모,정제효소등",1450,1.93
243,이동 쌀 막걸리,살균탁주,6,1200,"정제수,백미,팽화미,입국,아스파탐등",1600,1.33
244,복분자 아락_500ml,일반증류주,40,500,복분자증류원액,40000,80.0
245,1932 새싹땅콩 햅쌀막걸리,살균탁주,6,900,쌀,15000,16.67
246,1932 새싹땅콩 흑미막걸리,살균탁주,6,900,쌀,15000,16.67
247,자희향 국화주,약주,15,500,"찹쌀,멥쌀,누룩,정제수,국화",20000,40.0
248,설성 만월 막걸리(유기농쌀 100%),탁주,8,750,"정제수,유기농쌀국내산,누룩,유기농올리고당등",4000,5.33
249,유자 생 막걸리_750ml,살균탁주,5,750,"쌀,유자,정제수,고과당,효모등",1800,2.4
250,청춘_750ml,청주,15,750,"쌀,누룩,정제수",20000,26.67
251,명술_375ml,리큐르,20,375,"산양산삼,정제주,주정",30000,80.0
252,백운 복분자주_360ml,기타주류,13,360,"쌀,토종복분자과즙",7000,19.44
253,예담은 한산소곡화주_500ml,일반증류주,41,500,"찹쌀,멥쌀,누룩,대두,구절초",30000,60.0
254,청산녹수 꿀막걸리,탁주,8,750,쌀,18000,24.0
255,다랭이팜 유자 막걸리,탁주,6,750,"남해산유기농유자원액,누룩,효모등",4000,5.33
256,고도리 복숭아와인,과실주,6.5,750,복숭아,32000,42.67
257,면천두견주 900ml,약주,18,900,"국내산찹쌀,누룩,진달래꽃",120000,133.33
258,오미로제 프리미어와인,과실주,12,750,오미자,39000,52.0
259,명인 홍삼주_375ml,약주,12.5,375,"쌀,홍삼,누룩,정제수등",12000,32.0
260,청진주,약주,16,375,"찹쌀,누룩,정제수",30000,80.0
261,진쾌남,리큐르,25,330,"국내산쌀,밤,누룩,구기자,오미자,산수유,오가피,동충하초,정제수",8500,25.76
262,감그린 스페셜,과실주,12,750,감,25000,33.33
263,공주애 오디와인,과실주,15,375,"국내산오디,정제수,주정,과당,효모",6000,16.0
264,스타베리오디_500ml,과실주,12,500,양조용포도,28000,56.0
265,레돔 시드르,과실주,6,750,사과,32000,42.67
266,어우야,기타주류,16,365,야관문,9900,27.12
267,산정호수 동정춘막걸리,탁주,6,720,"국내산쌀,누룩,정제수",20000,27.78
268,선운산 복분자와인,과실주,13,300,복분자,6000,20.0
269,감 보드카,일반증류주,32,375,감,14000,37.33
270,남산애 레드와인,과실주,14,750,포도,45000,60.0
271,홍로,일반증류주,45,500,"백련,찹쌀,멥쌀,누룩,자초",50000,100.0
272,이상헌 약주,약주,18,500,"아산쌀,국",45000,90.0
273,대작 생막걸리,탁주,6,750,쌀,2000,2.67
274,동해 동동주,탁주,6,750,쌀,15000,20.0
275,크라테 로제와인,과실주,11.5,375,산머루,18000,48.0
276,샤토미소 레드 프리미엄 드라이,과실주,13,750,포도,40000,53.33
277,오목대,기타주류,5,1000,보리,27000,27.0
278,모월 로,증류식소주,25,500,쌀,25000,50.0
279,산내울 사과애주,리큐르,16,750,"사과,설탕,주정,정제수,과당",14000,18.67
280,배도가 로아 19 레드,일반증류주,19,350,사과,10000,28.57
281,호랑이 생 막걸리,탁주,6,750,"쌀,정제수,국,효모,젖산등",2200,2.93
282,야관문 쌀 막걸리_750ml,탁주,6,750,쌀,1500,2.0
283,자연담은 복분자막걸리_360ml,살균탁주,6,360,"복분자,쌀,효모,국,과당,구연산,젖산,정제수",56000,155.56
284,아이싱 자몽(iCing Grapefruit),탁주,4,350,"쌀,자몽엑기스",5000,14.29
285,지평 생 쌀막걸리,탁주,5,700,쌀,1650,2.36
286,그랑꼬또 M56,과실주,12,750,포도,21000,28.0
287,평창머루주_360ml,과실주,16,360,국내산산머루,19500,54.17
288,청양 둔송 구기주_700ml,약주,16,700,"쌀,누룩,구기자,감초,두충껍질",23000,32.86
289,해창 생 막걸리 9도,탁주,9,900,"햅쌀,찹쌀,물,누룩",6000,6.67
290,우곡생주,탁주,10,750,쌀,6500,8.67
291,명가원 복분자술,과실주,16,750,"복분자,주정,정제수,구연산,호박산,정제식염,액상과당,효모,설탕",20000,26.67
292,원조 한산소곡주_750ml,약주,16,750,"찹쌀,멥쌀,누룩,대두,구절초",12000,16.0
293,오희 스파클링 막걸리,탁주,8.5,500,"백미,건오미자,조효소제,효모,정제수",36000,72.0
294,평창 오디주_360ml,과실주,16,360,국내산오디,19500,54.17
295,복분자주 360,과실주,16,360,"복분자,주정,정제수,설탕등",6000,16.67
296,홍삼진심 인삼주 (2set),일반증류주,19,375,"쌀,정제주정,인삼침출액,홍삼농축액,고과당등",14000,37.33
297,뱅꼬레화이트_375ml,과실주,11,375,양조용포도,23000,61.33
298,쿨샷7.5,과실주,7.5,300,"복분자과실,주정,효모,구연산,정제수",60000,200.0
299,정고집 옛날 생동동주,탁주,6,750,"쌀,쌀가루",18000,24.0
300,예밀와인 로제,과실주,12,750,포도,20000,26.67
301,시나브로 에뚜왈 스파클링와인,과실주,5,750,포도,30000,40.0
302,봉하쌀 생막걸리,탁주,6,750,쌀,2000,2.67
303,뉴트로,탁주,8,600,찹쌀,6000,10.0
304,메밀로,일반증류주,45,500,"국내산쌀,메밀,누룩,정제수",150000,300.0
305,병영설성 생막걸리,탁주,6,750,쌀,3500,4.67
306,모월 연,약주,13,500,쌀,18000,36.0
307,청남대 블루베리 막걸리,탁주,6,750,"국내산쌀,블루베리엑기스,효모,조효소재,물엿,아스파탐,정제수",25000,33.33
308,기다림 맑은술,약주,15,500,멥쌀,25000,50.0
309,마주 소곡주,약주,16,500,찹쌀,17000,34.0
310,걍즐겨,탁주,8,600,찹쌀,6000,10.0
311,유자 동동주,탁주,6,750,쌀,1100,1.47
312,별바랑,약주,17.5,375,찹쌀,27000,72.0
313,율무 동동주,탁주,14,750,쌀,14000,18.67
314,33JU,일반증류주,18,500,"산양산삼,주정,결정과당,효소처리스테비아,에리스리톨,호박산,꿀",49000,98.0
315,샤토미소 스위트 로제,과실주,12,375,"포도,산화방지제,효모,설탕등",20000,53.33
316,이동 생 쌀 막걸리,탁주,6,750,"정제수,백미,팽화미,입국,아스파탐등",1300,1.73
317,려(驪)고구마증류소주 25도,증류식소주,25,500,고구마,35000,70.0
318,찰막걸리 750ml,살균탁주,5.5,750,"정제수,쌀,밀가루,찹쌀,입국,효모정제효소제,아스파탐",30000,40.0
319,문희 '햇찹쌀 수제 전통주',살균탁주,13,500,유기농찹쌀,15000,30.0
320,홍천강 탁주,탁주,11,500,"홍천쌀,정제수,국",10000,20.0
321,소백산 검은콩 막걸리,탁주,6,1500,"백미,소맥분,검은콩,검은깨등",3000,2.0
322,세종 알밤주,기타주류,6,750,"정제수,백미,소맥분,알밤",1500,2.0
323,다랭이팜 생 막걸리 (흑미),탁주,6,750,"남해산유기농현미,누룩,효모등",4000,5.33
324,천마 이야기_750ml,탁주,6,750,"팽화미,입국미,무주천마분말,오미자추출액",1500,2.0
325,다래와인 7004S_750ml,과실주,8,750,참다래,18000,24.0
326,베베마루 캠벨로제_375ml,과실주,12,375,포도,20000,53.33
327,김천과하주 16도_700ml,약주,16,700,"찹쌀,누룩,샘물,황국잎",20000,28.57
328,선운산의 아침 복분자막걸리_750ml,살균탁주,6,750,"복분자,쌀,효모,국,과당,구연산,젖산,정제수",28000,37.33
329,두레앙 증류주_750ml,일반증류주,35,750,거봉포도원액,35000,46.67
330,자두와인 레드_750ml,과실주,12,750,피자두,22000,29.33
331,금산인삼주_375ml,약주,12.5,375,"쌀,인삼,누룩,정제수등",12000,32.0
332,면천두견주 360ml,약주,18,360,"국내산찹쌀,누룩,진달래꽃",32000,88.89
333,수삼단본 23도_720ml,일반증류주,23,720,"쌀,인삼,누룩,정제수등",32000,44.44
334,한스오차드 사과와인,과실주,11,750,국산사과원액,20000,26.67
335,백련 생막걸리 snow,탁주,6,750,"백미,연잎,정제수,종국,효모,아스파탐,물엿등",1600,2.13
336,무주 구천동 산머루주_750ml,과실주,16,750,국내산산머루,15000,20.0
337,도문대작 생막걸리,탁주,10,750,"강릉쌀,누룩,갯방풍나물,정제수",3000,4.0
338,애피소드 애플,과실주,3.5,500,"사과와인,정제주정,정제수,사과농축액,고과당",21000,42.0
339,김포별주,살균약주,13,500,"쌀,옥수수전분,국,효모,젖산,효소제,정제수",4000,8.0
340,계룡산 산삼주 금수강산 40%,일반증류주,40,740,"산양산삼,정제주,주정",150000,202.7
341,혼디주,과실주,12,330,감귤,8000,24.24
342,백자주,탁주,10,500,"국내산찹쌀,멥쌀,잣,누룩,정제수",18000,36.0
343,미소 생막걸리,탁주,7,750,쌀,1500,2.0
344,청산녹수 생탁주,탁주,6,750,쌀,12000,16.0
345,감그린 레귤러,과실주,12,750,감,18000,24.0
346,마셔블랑,일반증류주,12,750,감귤과즙,20000,26.67
347,안성마춤 생막걸리,탁주,6,1000,"국내산쌀,누룩,효모,젖산,정제효소,정제수",2000,2.0
348,르깔롱,리큐르,16,500,"정제수,주정,고과당,죽력,메론후레바,레이지라임,코코넛향,윌튼스카이아이싱칼라",35000,70.0
349,해방주 18.8%,일반증류주,18.8,375,쌀,12000,32.0
350,감악산 머루주,과실주,12,360,"국내산산머루원액,주정",28000,77.78
351,천년주,일반증류주,25,375,쌀,15000,40.0
352,오산막걸리,탁주,6,500,쌀,3000,6.0
353,모을동주 소주,증류식소주,43,350,쌀,15000,42.86
354,모을동주 약주,약주,13,375,쌀,13000,34.67
355,시나브로 레드 스위트,과실주,12,750,포도,25000,33.33
356,가덕 순쌀 막걸리,탁주,6,750,"국내산쌀,효모,조효소재,물엿,아스파탐,정제수",13500,18.0
357,샤토미소 영동,일반증류주,40,200,포도,30000,150.0
358,포엠 로제와인,과실주,12,750,포도,35000,46.67
359,매실향기 담은 술,약주,14,500,"국내산쌀,효모,조효소재,물엿,아스파탐,정제수",6000,12.0
360,포엠 화이트와인,과실주,12,750,청포도,35000,46.67
361,하향주 증류주,일반증류주,45,700,"국내산찹쌀,누룩,정제수",70000,100.0
362,시나브로 로제와인,과실주,10,500,포도,30000,60.0
363,샹스프랑보아즈,과실주,13,500,복분자,150000,300.0
364,라이스퐁당 17,약주,17,500,찹쌀,18000,36.0
365,한산소곡주(살균주),살균약주,16,750,"찹쌀,누룩,백미,정제수",12000,16.0
366,솔송주,살균약주,13,375,"정제수,백미",7000,18.67
367,홍삼명주 500ml,기타주류,14,500,"홍삼추출액,효모,정백당,정제수",16000,32.0
368,초선의 꿈 (로제),과실주,12,375,국내산포도,20000,53.33
369,감홍로 청자_700ml,일반증류주,40,700,쌀,90000,128.57
370,지리산 허브잎 술_750ml,살균탁주,6,750,쌀,1500,2.0
371,호담 산양산삼주_375ml,약주,13,375,"산양산삼,정제주,주정",4000,10.67
372,자희향 나비,탁주,8,500,찹쌀,8000,16.0
373,안동소주 호리병_800ml,증류식소주,45,800,쌀,30000,37.5
374,톡 한잔 소주_500ml,증류식소주,30,500,"찰보리,쌀10%",10000,20.0
375,톡 한잔 골드_500ml,리큐르,43,500,"찰보리,쌀10%,민들레분말,볶음보리",49000,98.0
376,미르25,증류식소주,25,375,쌀,18000,48.0
377,소곡화주_500ml,리큐르,41,500,"찹쌀,누룩,백미,정제수",22000,44.0
378,다래와인 3004_375ml,과실주,8,375,참다래,10000,26.67
379,호담_300ml,리큐르,20,300,"산양산삼,정제수,주정",18000,60.0
380,대윤 가야곡 왕주_300ml,약주,13,300,"쌀,누룩,효모,물엿,정제수",4000,13.33
381,주몽 복분자주_375ml,기타주류,16,375,"쌀,복분자",5000,13.33
382,대관령 복분자주_400ml,과실주,16,400,국내산복분자,13000,32.5
383,진심 홍삼주 19도,일반증류주,19,375,"쌀,정제주정,인삼침출액,홍삼농축액,고과당등",3000,8.0
384,설레온_375ml,증류식소주,40,375,"쌀,누룩,효모,정제수",20000,53.33
385,계룡백일주 40도_600ml*2,리큐르,40,600,"찹쌀,백미,누룩,재리종국화꽃,오미자,진달래,재래종솔잎",80000,133.33
386,소양강 생 막걸리,탁주,6,750,"백미,소맥분,정제수,팽화미,아스파탐,물엿,정제수",1200,1.6
387,블루베리 이야기_375ml,과실주,12,375,"국내산산머루,블루베리",6000,16.0
388,왕율주,일반증류주,25,330,"국내산쌀,밤,누룩,정제수",8000,24.24
389,호담 산양산삼 막걸리,탁주,6,750,쌀,16000,21.33
390,술아 막걸리,탁주,8,450,"국내산찹쌀,누룩,정제수",21000,46.67
391,홍삼진심 인삼주 (1set),일반증류주,19,375,"쌀,정제주정,인삼침출액,홍삼농축액,고과당등",7000,18.67
392,술아 순곡주,약주,20,375,"국내산찹쌀,누룩,증류주,정제수",36000,96.0
393,청산녹수 사미인주,탁주,8,750,유기농햅쌀,32000,42.67
394,고도리 레드와인 스위트,과실주,12,750,머루포도,22000,29.33
395,양촌 생 동동주,탁주,10,750,"정제수,백미,효소제,효모등",36000,48.0
396,신례명주,일반증류주,50,750,감귤,99000,132.0
397,감그린 아이스와인,과실주,10,375,감,89000,237.33
398,술아 연화주,약주,15,375,"국내산찹쌀,누룩,건조연화꽃,증류주,정제수",36000,96.0
399,고창선운산 땡큐블루베리주,과실주,13,300,"블루베리과실,주정,효모,구연산,정제수",60000,200.0
400,술그리다 생탁주,탁주,10,500,"국내산쌀,누룩",9000,18.0
401,아이원 막걸리,탁주,6,750,"쌀,밀,입국,누룩,정제수",1000,1.33
402,한비 동충하초술,리큐르,35,375,"국내산쌀,누룩,가시오가피뿌리,동충하초,정제수",30000,80.0
403,한비 무병장수술,리큐르,35,375,"국내산쌀,흑삼,인삼,오가피,오미자,구기자,복분자,차전자,토사자,산수유",30000,80.0
404,귀감,일반증류주,25,350,감귤과즙,25000,71.43
405,도구 막걸리,탁주,6,750,밀,15000,20.0
406,병영설성사또,일반증류주,40,700,쌀,40000,57.14
407,술헤는밤,탁주,8,750,"국내산쌀,누룩,정제수",5900,7.87
408,남산애 포트와인,과실주,18.5,750,포도,55000,73.33
409,삼선,탁주,10,500,"국내산쌀,누룩,정제수",15000,30.0
410,정고집 나주배 약주 15%,약주,15,500,"쌀,쌀가루",20000,40.0
411,가을빛 레드와인,과실주,14,750,포도,35000,46.67
412,오가피와인,과실주,12,500,오가피열매,20000,40.0
413,여강,증류식소주,25,375,"국내산쌀,누룩,정제수",20000,53.33
414,샤토미소 랑,과실주,12,375,청포도,20000,53.33
415,햇찹쌀이 하늘수,탁주,6,500,쌀,1100,2.2
416,병영설성 동동주,탁주,6,1700,쌀,2500,1.47
417,시나브로 에뚜왈 로제 스파클링,과실주,5,750,포도,30000,40.0
418,두리향,증류식소주,43,500,"국내산찹쌀,누룩,정제수",36000,72.0
419,선운산 복분자주 프리미엄,과실주,19,700,복분자,40000,57.14
420,연천 우주,일반증류주,22,360,쌀,8500,23.61
421,맑은술 해밀,약주,15,500,"쌀,누룩,정제수",25000,50.0
422,포엠 레드 드라이와인,과실주,12,750,포도,25000,33.33
423,담양죽력고,일반증류주,25,350,"정제수,쌀",13000,37.14
424,감자술 13%,약주,13,700,백미,14000,20.0
425,유기농 이도14,약주,14,750,유기농쌀,20000,26.67
426,풍남문,기타주류,5,1000,보리,27000,27.0
427,독산 53,증류식소주,53,250,쌀,25000,100.0
428,젤코바 스페셜와인,과실주,11.5,375,"국내산산머루,포도",36000,96.0
429,천등산 차례주,청주,11,700,쌀,5900,8.43
430,느낌 19.8,증류식소주,19.8,360,백미,4000,11.11
431,라이스퐁당 13,약주,13,500,찹쌀,15000,30.0
432,연천 연주,약주,12,500,쌀,15000,30.0
433,신선주 약주,약주,16,500,찹쌀,25000,50.0
434,당당하리,과실주,15,375,쌀,16000,42.67
435,계룡백일주 16도_700ml*2,약주,16,700,"찹쌀,백미,누룩,재리종국화꽃,오미자,진달래,재래종솔잎",37000,52.86
436,컨츄리 산머루 와인 (드라이),과실주,14,750,국산산머루원액,20000,26.67
437,홍삼 인삼주,일반증류주,38,750,"쌀,정제주정,인삼침출액,홍삼농축액,고과당등",70000,93.33
438,톡 쏘는 복분자 막걸리,살균탁주,6,750,"쌀,정제수,쌀입국,복분자원액,효모등",1800,2.4
439,허니비 와인_500ml,기타주류,8,500,국내산벌꿀,35000,70.0
440,샤토미소 스위트,과실주,12,750,"포도,산화방지제,효모,설탕등",20000,26.67
441,미소 아이스,과실주,12,375,"포도,산화방지제,효모등",40000,106.67
442,컨츄리 산머루 와인 (스위트),과실주,12,750,국산산머루원액,20000,26.67
443,소곡화주_480ml,리큐르,41,480,"찹쌀,누룩,백미,정제수",45000,93.75
444,입장탁주_750ml,살균탁주,6,750,"쌀,정제수,고과당,효모등",1200,1.6
445,계룡백일주 30도_400ml*2,리큐르,30,400,"찹쌀,백미,누룩,재리종국화꽃,오미자,진달래,재래종솔잎",40000,100.0
446,홍삼명주 375ml,기타주류,14,375,"홍삼추출액,효모,정백당,정제수",12000,32.0
447,청세주,약주,18,375,쌀,4000,10.67
448,다랭이팜 생 막걸리 (백미),탁주,6,750,"쌀,7분도유기농현미,누룩,효모등",4000,5.33
449,여포의 꿈(레드스위트),과실주,12,750,국내산포도,19000,25.33
450,세종 오가닉,살균약주,13,375,"정제수,유기농백미,국,효모,정제효소,구연산",9000,24.0
451,자두와인 화이트_750ml,과실주,12,750,후무사,22000,29.33
452,문희 '문경오미자 수제 전통주',살균탁주,12,700,햇찹쌀,21000,30.0
453,예담은 한산소곡주_750ml,약주,16,750,"찹쌀,멥쌀,누룩,대두,구절초",12000,16.0
454,민속주 안동소주_800ml,증류식소주,45,800,쌀,33500,41.88
455,베베마루 캠벨로제 스위트_375ml,과실주,10,375,포도,20000,53.33
456,은자골 곶감 생 탁배기,탁주,6,750,"백미,소맥분,정제수,곶감분말,전분당,국,누룩,효소,아스파탐등",1500,2.0
457,추사블루_375ml,과실주,12,375,블루베리,20000,53.33
458,다래와인 7004D_750ml,과실주,12,750,참다래,28000,37.33
459,미인탁주,탁주,10,500,"찹쌀,누룩,정제수",15000,30.0
460,고도리 화이트와인 드라이,과실주,10.5,750,거봉포도,22000,29.33
461,계룡백일주 12년_600ml,리큐르,40,600,"찹쌀,백미,누룩,재리종국화꽃,오미자,진달래,재래종솔잎",150000,250.0
462,고도리 화이트와인 스위트,과실주,10.5,750,거봉포도,22000,29.33
463,뱅꼬레아이스_375ml,과실주,12,375,양조용포도,90000,240.0
464,소백산 생 만찬주,탁주,6,750,"정제수,쌀,소맥분,입국,효모,아스파탐등",1200,1.6
465,예화_750ml,약주,13,750,"쌀,누룩,효모,물엿,정제수",10000,13.33
466,예주_750ml,과실주,15,750,"복분자,주정,효모,정제수",29000,38.67
467,미생 막걸리,탁주,6,750,"국내산쌀,누룩,효모,정제효소,정제수",1100,1.47
468,술아 매화주,약주,15,375,"국내산찹쌀,누룩,건조매화꽃,증류주,정제수",36000,96.0
469,왕피천을 품은 미소생막걸리,탁주,7,750,"쌀,누룩,정제수",1200,1.6
470,한비 쌀소주,증류식소주,40,375,"국내산쌀,누룩,정제수",30000,80.0
471,천마몽_375ml,리큐르,38,375,"쌀,누룩,효모,천마,정제수",15000,40.0
472,생 청주 막걸리,탁주,6,750,"쌀,소맥분,국,조제종국,효모,물엿등",1500,2.0
473,회곡 생 동동주,탁주,7,1200,"쌀,입국,누룩,아스파탐,효모,정제수,아세설팜칼륨",1300,1.08
474,한비 오가피술,리큐르,35,375,"국내산쌀,누룩,가시오가피뿌리,정제수",30000,80.0
475,오미시앙 스페셜,과실주,12,500,"오미자,주정,설탕,효모",10000,20.0
476,세종 쌀 막걸리,살균탁주,6,750,"정제수,백미,소맥분,전분당,효모,젖산등",1500,2.0
477,추사 로제,과실주,12,375,사과,20000,53.33
478,애피소드 상그리아,과실주,3.5,500,"포도와인,정제주정,정제수,포도농축액,고과당",21000,42.0
479,애피소드 호프,기타주류,3.5,500,"사과과즙,보리,쌀,홉",21000,42.0
480,시인의 마을 우리쌀 막걸리,탁주,10,700,쌀,7900,11.29
481,예밀와인 레드 드라이,과실주,13,750,포도,20000,26.67
482,설하담,탁주,8,950,"국내산멥쌀,개량누룩,정제수,이산화탄소",7400,7.79
483,흑돈주,기타주류,16,365,황칠나무,12000,32.88
484,편백숲 산소막걸리,탁주,5.2,750,"멥쌀,올리고당,사과농축액,누룩,아스파탐",1900,2.53
485,허니문와인,기타주류,10,375,국내산벌꿀,35000,93.33
486,크라테 레드와인 스위트,과실주,11.5,750,산머루,48000,64.0
487,예밀와인 레드 스위트,과실주,12,750,포도,20000,26.67
488,시나브로 레드 드라이,과실주,12,750,포도,25000,33.33
489,해방주 38%,일반증류주,38,800,쌀,45000,56.25
490,정고집 나주배 약주 9%,약주,9,500,"쌀,쌀가루",18000,36.0
491,기다림 34,탁주,12,500,멥쌀,15000,30.0
492,그랑꼬또 M5610,과실주,10,750,포도,56000,74.67
493,해미읍성 매실와인,과실주,12,500,매실,20000,40.0
494,배꽃담은 연 생막걸리,탁주,10,720,"국내산쌀,누룩,효모,젖산,연잎,정제수",20000,27.78
495,기다림 25,탁주,8,750,백미,9900,13.2
496,그랑꼬또 화이트와인,과실주,12,750,포도,40000,53.33
497,기다림 16,탁주,9,750,찹쌀,11000,14.67
498,볼빨간막걸리 7,탁주,7,500,찹쌀,5000,10.0
499,막시모40,일반증류주,40,500,오미자,49000,98.0
500,편백숲 산소막걸리 순수령,탁주,5.8,750,"멥쌀,찹쌀,누룩",4000,5.33
501,천년담주,약주,15,500,백미,10000,20.0
502,청송 얼음골 동동주,탁주,6,1200,쌀,1800,1.5
503,석탄주 탁주,탁주,15,500,"국내산찹쌀,누룩,정제수",6000,12.0
504,경기전,기타주류,5,1000,보리,27000,27.0
505,모월 청,약주,16,500,쌀,21000,42.0
506,해미읍성 살구와인,과실주,12,500,살구,20000,40.0
507,포엠 레드 스위트와인,과실주,12,750,포도,25000,33.33
508,주산지 막걸리,탁주,6,750,쌀,1200,1.6
509,해미읍성 모과와인,과실주,12,500,모과,20000,40.0
510,도로시 머루주,과실주,12,500,"국내산산머루원액,주정",25000,50.0
511,그랑티그르M1988,과실주,12,750,포도,40000,53.33
512,충주 백주,일반증류주,35,375,쌀증류원액,7800,20.8
513,젤코바 프리미엄와인,과실주,12,500,"국내산산머루,포도",50000,100.0
514,산내울 오미자주,리큐르,16,750,"오미자,설탕,주정,정제수,과당",20000,26.67
515,한시울,증류식소주,40,500,"국내산쌀,누룩,효모,구연산,정제수",18000,36.0
516,구기홍주 14,약주,14,360,"쌀,국,구기자추출액,올리고당,효모,효소,아세설팜칼륨,정제수",16000,44.44
517,대잎 생동동주,탁주,6,1700,쌀,2500,1.47
518,행운주,청주,12,750,백미,9000,12.0
519,마주 소화곡주,일반증류주,41,500,찹쌀,25000,50.0
520,추시와인,기타주류,12.5,750,감,16000,21.33
521,예천주 사월24,일반증류주,24,375,오미자,22000,58.67
522,방문주 탁주,탁주,15,500,"국내산찹쌀,누룩,정제수",6000,12.0
523,방문주 약주,약주,15,500,"국내산찹쌀,누룩,정제수",7000,14.0
524,시나브로 드 글로리아,과실주,12,750,포도,25000,33.33
525,필 FEEL,증류식소주,40,500,백미,25000,50.0
526,감이슬,일반증류주,23,375,감,10000,26.67
527,그랑티그르CE2002,과실주,12,750,포도,40000,53.33
528,산내울 복분자주,리큐르,16,750,"복분자,설탕,주정,정제수,과당",20000,26.67
529,예천주 사월365,일반증류주,36.5,375,오미자,29000,77.33
530,두유노,탁주,6,600,찹쌀,6000,10.0
531,서주 16%,약주,16,400,백미,45000,112.5
532,바랑 탁,탁주,15,375,찹쌀,18000,48.0
533,연천 아주,탁주,8,750,쌀,6000,8.0
534,머르드 서 드라이,과실주,13.5,750,국내산산머루,35000,46.67
535,호땅,기타주류,6,750,쌀,2700,3.6
536,머르드 서 스위트,과실주,12,750,국내산산머루,30000,40.0
537,신선주 백주,탁주,10,500,청원생명쌀,15000,30.0
538,신선주 증류주,일반증류주,52,375,찹쌀,60000,160.0
539,백이주,과실주,35,800,쌀,30000,37.5
540,"코이버펑크, 샤르도네 세미용 블렌드",과실주,11,750,와이너리재배포도,65000,86.67
541,"코이버펑크, 머스캣 베일리 에이",과실주,12,750,와이너리재배포도,65000,86.67
